lambda_gram,embedding
entrado,0011111100110
fecha,0100100011010
placa,0111111110111
paz,0111101010011
tomado,1010000111100
voladora,1010101110001
fácilmente,0100110011010
sombreado,1001100111110
hora,0101011000001
diligencia,0011010111001
alacena,0000011011001
estaturo,0100010010101
brusco,0001011100110
creado,0010101000100
bajar,0001001100000
deshacer,0011001010011
espero,0100001110100
tablero,1001110101010
lleno,0110001111000
extender,0100011100110
incluso,0101100110011
guiar,0101000101100
desgracia,0011001010001
presente,1000001111011
polvoriento,1000000110010
quedárselo,1000100010111
moriré,0110111001100
ridícula,1001000110011
discúlpamir,0011011010110
hormigo,0101011000011
hecho,0101001111101
zumbar,1010110100011
continúar,0010011111011
escond,0100000110000
ver,1010100100001
dimir,0011010111100
ágil,1010110101000
compañero,0010001111100
construido,0010011011110
marcha,0110100010110
costa,0010100111101
retomar,1001000010110
prensencia,1000001101001
pueblito,1000011100001
30,0000000001001
inmenso,0101101100100
borracho,0001011000011
escurridizo,0100001001111
merecer,0110101100100
saldremos,1001010001110
música,0111000000110
plátano,1000000010110
500,0000000001101
apuntar,0000110010000
ñasco,1010110111001
escupir,0100001001100
pared,0111100011000
crear,0010101000101
ordenado,0111010110100
favorito,0100100011000
consecuencia,0010011001100
epaminonda,0100000000111
diferenciar,0011010101110
despistado,0011001101010
ves,1010100110101
título,1010010111100
luciérnagar,0110010101011
tímido,1010010111010
regañar,1000110111011
cañón,0001110111001
convencido,0010100001100
alimento,0000011111111
poderoso,1000000100011
herv,0101010011001
olvid,0111010011111
ceja,0001110111100
amenacé,0000100100011
distinción,0011011101010
higienir,0101010100001
tom,1010000111011
escuelar,0100001000101
injusticia,0101101011111
evidencia,0100010111000
langosta,0110000010100
impresionar,0101100100101
escupia,0100001001011
establo,0100010001000
diferente,0011010110000
perfecta,0111110010110
prismático,1000010011011
torpón,1010001010111
interesante,0101110000100
sólo,1001110100110
seco,1001010110010
llegar,0110001110001
huéspedes,0101011110000
viejito,1010101001001
juguete,0101111101011
cariño,0001110000100
exceso,0100011001010
precipitado,1000001011001
nombrarte,0111001000111
pisada,0111111101110
plasmado,1000000000101
pesebrir,0111110111101
callar,0001100110010
detestar,0011010001001
hombrar,0101010111001
cuarto,0010101101011
quedarás,1000100010100
informe,0101101010001
llevarte,0110001111111
educación,0011101000001
reunión,1001000011111
apagar,0000101011011
habitado,0101001000010
nuevo,0111001011011
cabrito,0001100011001
probarlas,1000010011111
cartón,0001110010101
barra,0001001110111
único,1010111000000
orilla,0111011000001
destrozado,0011001111100
gritonar,0101000000110
fin,0100100111011
deberíai,0010110111110
estela,0100010010111
pensaría,0111101111101
lamer,0110000010010
maravillar,0110100010000
aires,0000011010001
diminuto,0011010111011
acertar,0000001010111
espíritu,0100010000011
acercarte,0000001010100
enemigo,0011110100000
perico,0111110011100
sujetar,1001101111001
vacío,1010011011101
acerca,0000001010010
distinguido,0011011101011
descubiertar,0011000111011
centro,0001111001110
vaca,1010011010111
aldeo,0000011101001
vez,1010100111100
amable,0000100011001
responder,1001000001011
advertido,0000010010100
druida,0011100011000
recorrer,1000110010111
tierro,1010000010101
vió,1010101110000
lindo,0110001011110
lomo,0110010100011
parecido,0111100010110
sal,1001010000111
hijastro,0101010100101
untar,1010011000101
poder,1000000100010
jugarir,0101111100101
separarer,1001011011101
idiota,0101011111000
ignorar,0101011111111
hacerte,0101001010000
arcoiris,0000110100000
andreo,0000100111100
invadirer,0101110010010
congelar,0010011000000
publicar,1000011011110
intacto,0101101111100
búsqueda,0001100001001
matar,0110100101110
ranitar,1000101001010
situación,1001100011101
rebosar,1000101110100
consulta,0010011100010
portar,1000001000111
casado,0001110011000
pedacito,0111101011000
comió,0010001110010
horrorizado,0101011001110
relameir,1000111001011
mástiles,0110111111111
romper,1001001010011
keegwa,0101111111110
defensa,0010111011010
posible,1000001001111
menos,0110101011000
acogedoro,0000001011011
soltado,1001100111001
volver,1010101110101
codicia,0010000101110
aseguro,0000111011001
lejano,0110000110100
prestado,1000001111110
contrastar,0010100000010
abajo,0000000010100
darte,0010110110111
disputa,0011011100111
señores,1001011101111
sentimiento,1001011010111
introduciéndola,0101110001101
disfraz,0011011011000
resentido,1000111111001
despoblado,0011001101111
agregar,0000010110110
entrenar,0011111110001
cocinar,0010000101000
afortunado,0000010011111
truco,1010010101100
problema,1000010100000
basar,0001001111110
cometía,0010001101110
puerto,1000011100111
doblar,0011011111010
letra,0110000111011
tirado,1010000100000
bárbaro,0001100001000
aullar,0001000101010
maripós,0110100100010
vas,1010011110110
marido,0110100011101
dicho,0011010100111
salvador,1001010011111
va,1010011010110
déjamir,0011100110101
empeorar,0011101101110
lamentar,0110000010000
apreciar,0000101111111
provocado,1000011010100
cerrado,0001111011011
frasco,0100101101101
avisar,0001001000000
forcejear,0100101010110
elegancio,0011101010010
línea,0110010111110
deleite,0010111101101
viviremos,1010101101001
pececillo,0111101010110
malayo,0110011011101
leíar,0110001000011
misa,0110110011001
violento,1010101010100
comunicar,0010010011010
picar,0111111000011
champiñón,0001111100011
duermo,0011100100010
resistente,1001000000000
importante,0101100011101
requetechupirratuno,1000111110010
jugaba,0101111011111
engordar,0011110111101
amontonado,0000100101111
cosquilla,0010100111100
chapmir,0001111100101
abalanzar,0000000010101
mimar,0110110000100
halón,0101001100011
rebuzna,1000101110110
fresco,0100101110100
ahuyentar,0000011001100
agachar,0000010100101
mapa,0110100001001
claro,0010000011011
acaudalado,0000001000111
oír,0111011011001
quehacer,1000100011010
tablet,1001110101011
simón,1001100001111
barriguita,0001001111010
secuestrar,1001010110101
sobrín,1001100100101
derrocar,0011000001101
fiestas,0100100110011
fiestero,0100100110100
colmar,0010001001000
jarra,0101111000010
cuanta,0010101101001
cabo,0001100010110
pierna,0111111010001
pobrecita,1000000011011
cocinada,0010000100111
abundante,0000000110110
mokoko,0110110101100
contarar,0010011101001
llegado,0110001110000
escucharl,0100001000001
aguerrido,0000011000001
concursant,0010010101010
arruga,0000111001101
superior,1001110000101
muchísimar,0110111011010
quedártelo,1000100011000
combatir,0010001011111
escriba,0100000111000
asomar,0000111100100
claudio,0010000011101
pago,0111011101010
preocupado,1000001101100
antiem,0000101010001
mercar,0110101100011
8,0000000010001
posesión,1000001001101
quedar,1000100010010
balanza,0001001100100
olmo,0111010011100
arrojar,0000111001001
colocar,0010001001100
anular,0000101010110
cero,0001111011010
enfurecer,0011110110010
bombón,0001010111011
pataleado,0111101000011
rescatado,1000111110110
delicioso,0010111110100
pillir,0111111011000
susurrar,1001110011100
historio,0101010101111
cantarín,0001101100111
miedosa,0110101111000
rex,1001000101001
castillo,0001110101000
señora,1001011101110
templo,1001111101100
repartir,1000111100011
ropa,1001001010111
tendero,1001111110100
determinación,0011010001000
dulzura,0011100100111
capaz,0001101101110
valentía,1010011100010
farolillo,0100100001110
cruel,0010101011101
festejo,0100100101000
cenir,0001111001011
dibujado,0011010100000
telar,1001111011000
comandante,0010001011011
bigote,0001010100001
chueco,0001111111010
yacer,1010110000111
concentrar,0010010100100
instante,0101101110101
celebración,0001110111101
incendio,0101100101111
conejo,0010010110011
encontrarar,0011110010111
tigrar,1010000010110
alarde,0000011011011
turista,1010010110100
conversación,0010100001101
holandés,0101010110110
juegos,0101111011101
encuentra,0011110011101
mercader,0110101100000
provisión,1000011010010
puleír,1000011101100
hallar,0101001011111
libre,0110001010001
descalzo,0011000101000
mesa,0110101101011
luego,0110010101100
coche,0010000100100
dios,0011011000011
dudoso,0011100011100
ninfar,0111000110110
halloweir,0101001100010
lana,0110000010011
aspirar,0000111101100
opción,0111010100111
bocadillo,0001010101101
decena,0010111000010
air,0000011001111
terminaste,1010000000010
preciada,1000001010101
buscatesoro,0001100000010
variado,1010011110001
automáticamente,0001000110010
decorador,0010111010001
brujito,0001011100011
petición,0111110111111
continente,0010011110110
colorear,0010001010001
barbero,0001001110101
note,0111001010001
ilusión,0101100000111
bibliotecario,0001010011100
dioses,0011011000100
arrancar,0000110110110
ovación,0111011001111
insistencia,0101101101111
detenimiento,0011010000111
semillo,1001011001111
posibilidad,1000001001110
alma,0000100000101
educado,0011101000010
advertir,0000010010101
dado,0010110110000
colorado,0010001010000
poco,1000000011110
sido,1001011110011
punta,1000011110101
mágico,0110111111000
capturar,0001101110110
ira,0101110100101
mordisquear,0110111000111
juicio,0101111101101
exasperado,0100011000101
adulto,0000010010001
2,0000000000011
desencadenar,0011001001001
impulso,0101100101010
compartirer,0010001111010
retractar,1001000011001
apetito,0000101101010
molino,0110110110110
reir,1000111001001
normalmente,0111001001100
palma,0111011111000
casito,0001110100001
delicado,0010111110001
insulto,0101101111010
hadas,0101001010111
convierto,0010100010111
cazador,0001110110101
monte,0110111000000
fruncido,0100101111011
malísimamente,0110011101100
trajiste,1010001110011
estrecho,0100010011110
secuestrado,1001010110100
secundario,1001010110110
prendía,1000001100111
cante,0001101101000
sacude,1001010000101
cervatil,0001111011111
bocca,0001010110001
divina,0011011111000
coincidir,0010000111001
amigable,0000100101000
frotar,0100101111010
lacito,0110000000101
tierrar,1010000010100
piedrar,0111111001100
boco,0001010110010
blacky,0001010100110
genéticamente,0100111001001
ambos,0000100100010
siento,1001011110111
hambriento,0101001100110
ruleto,1001001101001
naturaleza,0111000011001
sueños,1001101110100
busco,0001100000011
colorida,0010001010010
encargarte,0011110000111
vall,1010011100110
negar,0111000100110
varios,1010011110010
sueño,1001101110011
estatuo,0100010010011
ciento,0010000000001
decepcionar,0010111000101
empujar,0011101111010
escapatorio,0100000100000
llor,0110010000111
mamá,0110011101110
congelación,0010010111110
entusiasmo,0011111111100
ventana,1010100011001
plácidamente,1000000010011
relámpago,1000111010100
cuello,0010101110111
aplazar,0000101110001
columpiar,0010001010100
celeste,0001111000010
vaya,1010011111000
perdedor,0111110001001
zorro,1010110100001
hacer,0101001001100
llevándose,0110010000010
exclamar,0100011001011
rosal,1001001011011
piedrecilla,0111111001101
reunido,1001000011101
imagen,0101100001000
vea,1010011111010
incrustación,0101100111010
figurito,0100100110111
cataplún,0001110101100
embrujar,0011101100100
enviara,0100000000001
después,0011001110100
artilugio,0000111010010
gente,0100111000101
examen,0100011000100
tinto,1010000011010
aburrida,0000000111000
socorro,1001100101001
dirigido,0011011001011
lastimar,0110000100000
propio,1000011000001
besar,0001010010110
rencoroso,1000111011010
mano,0110011111101
dibujos,0011010100101
confiado,0010010110101
miro,0110110010110
tristeza,1010010011110
pito,0111111110101
sabré,1001001111110
celestial,0001111000011
dibujar,0011010100010
lectura,0110000101110
recreo,1000110011011
picor,0111111000101
peligroso,0111101101101
abanico,0000000011010
planta,1000000000001
destacar,0011001110101
ganado,0100110101001
techo,1001111001101
7,0000000010000
tontorrón,1010001000110
guapo,0101000011010
pillarl,0111111010111
lección,0110000101000
rebotar,1000101110101
harín,0101001110001
alimentar,0000011111101
aplicar,0000101110011
provocar,1000011010101
olfato,0111010010110
manifestación,0110011111011
serio,1001011100010
liberar,0110001001100
desempacar,0011001000111
chica,0001111101001
misteriosamente,0110110011111
hiciste,0101010011100
ovejas,0111011010010
ventilador,1010100011101
visitas,1010101011111
oro,0111011000011
barril,0001001111011
bolsa,0001010110110
proteges,1000011001011
fama,0100100000001
energía,0011110100010
deprisa,0011000000110
déjame,0011100110100
gema,0100110111001
fascinado,0100100001111
vién,1010101101110
sensación,1001011010001
resistir,1001000000001
subir,1001101100101
lola,0110010100001
digno,0011010110110
áspero,1010110101111
esplendor,0100001111010
llevárselar,0110010000100
darno,0010110110110
aldea,0000011100111
ós,1010110111101
crecierar,0010101001001
graznido,0100111111100
electricidad,0011101001110
final,0100100111100
descuidado,0011001000001
guapísima,0101000011011
encargarás,0011110001000
control,0010100001000
chapman,0001111100100
extremo,0100011110011
capital,0001101110010
ausencia,0001000101111
rápido,1001001110010
porra,1000001000010
burla,0001011110101
despertartir,0011001100111
sideral,1001011110010
lujoso,0110010110001
tenia,1001111111000
increíblemente,0101100111001
espós,0100010000100
azúcar,0001001010111
terminarir,1010000000001
operarlo,0111010101010
golpeé,0100111100001
falta,0100011111110
hazaña,0101001110011
humanos,0101011011110
insensatez,0101101101100
dionisio,0011011000010
idea,0101011110101
lujo,0110010101111
descolorido,0011000110010
recibepensamiento,1000101111101
cigüeña,0010000000111
partido,0111100100111
rodeado,1001001001100
princesadecir,1000010001111
severidad,1001011101001
busqué,0001100000110
plata,1000000000110
histérica,0101010110000
ritmo,1001001000000
humor,0101011100111
ilusa,0101100000101
museo,0110111110001
aparato,0000101011101
tragar,1010001101010
montaran,0110110111110
consejero,0010011010000
cretar,0010101010000
ligeramente,0110001011001
surgido,1001110010010
intención,0101101111111
abuelet,0000000101111
empezarir,0011101110101
astuta,0000111101110
ogro,0111010001011
tardo,1001111000110
hechir,0101001111001
encerrado,0011110001100
mundir,0110111101000
espinaca,0100001111001
riquete,1001000111010
herencia,0101010000101
olimpo,0111010011001
cinco,0010000001100
fiera,0100100101110
pisado,0111111101111
torrir,1010001011010
roncar,1001001010101
obtener,0111001110100
eleonora,0011101010111
padr,0111011100101
oso,0111011001011
brotado,0001011011110
siglo,1001011111100
trozo,1010010101011
unido,1010011000000
desinteresado,0011001011001
saludó,1001010011101
televisión,1001111011100
cumplido,0010110010011
lanzado,0110000010101
invisible,0101110011100
amado,0000100011010
juego,0101111011100
pregunta,1000001011111
carabás,0001101111001
alicia,0000011111010
admiradísimo,0000010000100
enfado,0011110100110
india,0101100111111
ámsterdam,1010110101010
prisa,1000010010110
reanudo,1000101101111
preguntando,1000001100001
ofrecerte,0111010001010
nokomis,0111001000100
arriba,0000111000101
redondo,1000110100100
paliza,0111011110111
tallado,1001110110101
acantilado,0000001000100
gán,0101000110111
frente,0100101110010
zampó,1010110001111
enferma,0011110101000
pionero,0111111101011
corona,0010100100101
futbolista,0100110010101
cuánto,0010110100000
divertir,0011011110110
decir,0010111001010
causado,0001110101110
incapaz,0101100101100
sé,1001110100011
junto,0101111110001
seguro,1001011000001
reflexionar,1000110101100
tormenta,1010001001111
informar,0101101010000
olvidado,0111010100000
apellido,0000101100101
morral,0110111001110
bromisto,0001011011011
irás,0101110101110
organizar,0111010111011
alcanzarer,0000011100110
minúsculo,0110110001110
infructuós,0101101010010
borda,0001011000000
responsable,1001000001101
red,1000110100010
síguemar,1001110100101
codo,0010000110001
desanimado,0011000011100
deliciós,0010111110101
ovejo,0111011010100
prosperar,1000011000111
fuerza,0100110001001
reconozca,1000110010100
enmendar,0011111000101
cuidadosamente,0010110000110
birds,0001010100010
ayude,0001001001111
esponjoso,0100001111101
incómodo,0101100111101
terrible,1010000000101
fiel,0100100101101
salvaje,1001010100000
refeer,1000110101000
rumor,1001001101011
mandar,0110011110100
lleváoslo,0110010000011
juntar,0101111101111
rosa,1001001011001
felizmente,0100100100000
quebrar,1000100001111
culpa,0010110001011
trabajador,1010001100011
contramaestre,0010011111110
compre,0010010010101
aconsejar,0000001100001
ayer,0001001000101
verdaderamente,1010100100101
reyes,1001000101011
sentía,1001011011001
abrazar,0000000100110
ridiculizar,1001000110010
componer,0010010001010
especie,0100001100101
llamándolo,0110001101010
riquetir,1001000111011
añadir,0001001011001
amo,0000100101110
pintoresco,0111111101000
atrevertar,0001000100001
navegar,0111000011011
jabón,0101110110100
reservar,1000111111011
donoku,0011100001100
pollito,1000000101101
modelar,0110110100101
sufrimiento,1001101110111
tercer,1001111111100
cigüeñar,0010000001000
ritual,1001001000001
formado,0100101011001
víctima,1010110000100
parezca,0111100011110
dudar,0011100011011
guardándole,0101000100100
veloz,1010100000101
escabullía,0100000011001
patata,0111101000111
hombro,0101010111100
miniplaneta,0110110000111
poblador,1000000010111
exitoso,0100011010100
harapo,0101001101011
situado,1001100011110
noblezo,0111001000000
manzano,0110100000111
escacharrada,0100000011010
buena,0001011101101
aprovechar,0000110001011
acontecimiento,0000001100011
silla,1001100000110
tigre,1010000010111
bola,0001010110100
vendaje,1010100001010
guisante,0101000101110
cuido,0010110001010
cocinero,0010000101010
competencia,0010001111111
manda,0110011110011
canasto,0001101011001
criticar,0010101011001
ingenioso,0101101010101
primera,1000010001011
sombra,1001100111101
compraría,0010010010100
traer,1010001101001
hazlo,0101001110101
rabo,1000100111110
impensable,0101100010110
oonagh,0111010100101
apretar,0000110001010
puerta,1000011100110
desmayar,0011001011100
exactamente,0100010111101
buque,0001011110010
acabado,0000001000000
claus,0010000011110
perrito,0111110100111
colgar,0010001000100
aroma,0000110110010
aceptar,0000001001111
proclamar,1000010100101
consternación,0010011011010
rumbo,1001001101010
comprado,0010010010000
paisaje,0111011101101
guardaespaldas,0101000011110
racimo,1000100111111
gobernante,0100111010111
largar,0110000011011
crueldad,0010101011110
mandíbulas,0110011110111
riesgo,1001000110101
durmierar,0011100101011
nevase,0111000101101
fino,0100101000000
quinto,1000100101100
periódico,0111110011110
antepasado,0000101001111
canguro,0001101011100
castor,0001110101001
pantalón,0111100000101
tiempos,1010000001110
pronunciado,1000010111110
desafío,0011000011000
complejo,0010010000101
emisión,0011101100101
espeso,0100001110110
despedir,0011001100010
pescar,0111110111001
invitación,0101110011101
haz,0101001110010
pacar,0111011011101
fealdad,0100100011001
repugnante,1000111101111
diferencia,0011010101101
visitado,1010101011100
barco,0001001110110
pierno,0111111010010
intento,0101110000011
auxiliar,0001000110100
traición,1010001101111
frutal,0100101111111
impedir,0101100010100
soportar,1001101001101
hércul,0101011110011
disciplina,0011011001110
estudio,0100010101100
excentricidad,0100011000111
enorme,0011111001010
maría,0110100101001
aterrador,0001000001110
amar,0000100011101
comedor,0010001100000
hará,0101001101111
jardíndecir,0101111000001
sikkim,1001100000010
certero,0001111011110
desenvaino,0011001001101
obligándolo,0111001101011
temor,1001111101010
encontrara,0011110010110
tobogán,1010000110010
tajante,1001110110001
piel,0111111001110
dilema,0011010111000
27,0000000000110
pueblo,1000011100010
inmediatamente,0101101100001
caza,0001110110100
revolver,1001000100101
fredo,0100101110000
envidiar,0100000000011
propósito,1000011000101
devolvería,0011010010000
respeto,1001000000111
plaf,0111111111001
pena,0111101111000
melba,0110101001001
asesino,0000111011100
débil,0011100110001
militar,0110110000001
verme,1010100110000
embargar,0011101100010
chorro,0001111111000
musculoso,0110111110000
cuerno,0010101111100
cabaña,0001100001110
ceño,0001111100010
arcoíri,0000110100001
ricito,1001000110000
invitar,0101110100000
decidir,0010111001001
nota,0111001001111
mango,0110011111010
guarde,0101000100000
zampárselos,1010110001110
fingir,0100100111110
podido,1000000100101
antiguo,0000101010010
pida,0111111001000
invierno,0101110011011
demá,0010111111101
gaviota,0100110111000
logre,0110010100000
contado,0010011100101
proporcionar,1000011000011
podréis,1000000100111
cansar,0001101100001
costar,0010100111110
alto,0000100010000
devorar,0011010010011
resguardar,1000111111100
escuela,0100001000100
agradecer,0000010110001
irrepetible,0101110101001
blaaaacky,0001010100101
necio,0111000100011
mariposa,0110100100001
fenomenal,0100100100001
albertinar,0000011100000
inconforme,0101100110101
tra,1010001100010
tú,1010010111101
contagiarl,0010011100111
autoestimo,0001000110001
fotografiar,0100101100101
tejía,1001111010110
recolectar,1000110001011
oculto,0111001111001
colín,0010001010110
ocurrírselir,0111010000000
planto,1000000000100
quién,1000100110101
atacar,0000111111001
ratoncito,1000101011010
médico,0111000000000
tirachina,1010000011110
orejita,0111010111001
negrura,0111000101001
distraigas,0011011101110
protectora,1000011001001
próximo,1000011011100
mayoría,0110100110100
gracioso,0100111101110
mensaje,0110101011010
construcciones,0010011011100
antiverdura,0000101010100
saltito,1001010011000
dina,0011010111101
estrafalario,0100010011011
indeseable,0101100111110
jo,0101111001110
montón,0110111000001
deportivo,0011000000101
viajero,1010101000000
diminuta,0011010111010
enjaulado,0011111000011
tío,1010010111011
gastado,0100110110011
desenterrado,0011001001010
jugoso,0101111101001
higuera,0101010100011
complacido,0010010000100
manifestar,0110011111100
vergüenza,1010100101011
trigo,1010010010110
plaza,1000000001100
corazón,0010100100001
miniatura,0110110000110
envuelto,0100000000101
tomar,1010000111101
duda,0011100011010
trono,1010010101000
alguno,0000011111001
engañarlo,0011110111000
necesidad,0111000011111
sobornar,1001100100001
diversión,0011011110000
perfección,0111110010101
parche,0111100010011
escabullir,0100000011000
sustituto,1001110011010
brotar,0001011011111
salvarno,1001010100010
fuerir,0100110000110
promet,1000010110101
encomendar,0011110010011
necesitas,0111000100010
ayúdame,0001001010001
superar,1001110000000
cercano,0001111010011
moretón,0110111001010
gruño,0101000010101
araña,0000110011010
horno,0101011001000
pediste,0111101011101
broma,0001011011001
resbalar,1000111110101
reposar,1000111101101
vaso,1010011110111
meticulosamente,0110101101110
verá,1010100110011
molesto,0110110110100
tonto,1010001000101
conocer,0010011000101
delito,0010111110111
camina,0001101000110
transformado,1010001111101
tratado,1010010001000
villano,1010101010001
lentamente,0110000111001
derretir,0011000001011
lejos,0110000110101
hechizar,0101001111011
desprender,0011001110010
puntita,1000011111000
actitud,0000001101010
aburrimiento,0000000111010
apenas,0000101101000
acordar,0000001100101
hueso,0101011011000
hablar,0101001001001
almohado,0000100001000
suciedad,1001101101010
puff,1000011101010
tallar,1001110110110
tirándolo,1010000101001
según,1001011000011
cálido,0010110100001
ala,0000011011000
apartado,0000101100001
ansia,0000101001100
buaaaaa,0001011101010
distraído,0011011101111
asusta,0000111110001
cofrir,0010000110011
nacional,0111000001011
cerca,0001111010010
aguar,0000010111110
leñador,0110001000110
patizombi,0111101001100
codiciós,0010000110000
apasionante,0000101100011
aplicado,0000101110010
pretender,1000010000101
5,0000000001011
cuidar,0010110000111
perjudicándose,0111110100000
partir,0111100101000
instrucción,0101101110110
aprecio,0000110000000
asistir,0000111100010
ocupar,0111001111011
inventado,0101110010101
tempranito,1001111101111
compadecido,0010001110101
ordenar,0111010110101
devoto,0011010010100
torto,1010001011101
caparazón,0001101101101
estómago,0100010110000
cosecho,0010100111000
rusia,1001001101100
juanitir,0101111011001
bombero,0001010111010
reñir,1001000101110
replicar,1000111101100
prueba,1000011010110
melodiosa,0110101001110
quite,1000100110001
perdonir,0111110001111
colección,0010000111110
cama,0001100111101
puñetazo,1000011111111
obedecer,0111001100100
cambiarlo,0001101000000
arrasar,0000110111000
robo,1001001000111
jardinero,0101110111110
regalado,1000110110100
madrastrar,0110011001000
quitara,1000100101111
hipnotizante,0101010101010
toque,1010001001100
temido,1001111101000
impacientar,0101100010000
ayudado,0001001000111
holar,0101010110111
seriamente,1001011100000
artista,0000111010100
canico,0001101011101
obsequiar,0111001101101
dedícate,0010111011000
exterminar,0100011100111
viento,1010101001011
arpir,0000110110100
coincidencia,0010000111000
plomo,1000000010000
huele,0101011010101
breve,0001011010001
importancia,0101100011100
arrastrar,0000110111001
artimaña,0000111010011
cámara,0010110100011
cuestas,0010110000000
alejar,0000011110001
furioso,0100110010011
sombrero,1001100111111
lobo,0110010010110
trim,1010010010111
este,0100010010110
distancia,0011011101000
continuación,0010011110111
profundidad,1000010101110
colectar,0010000111111
velorio,1010100000100
diriges,0011011001010
librar,0110001010000
robar,1001001000101
provenir,1000011010001
campanario,0001101010010
agreír,0000010111000
ferocitauru,0100100100100
hipopótar,0101010101100
olla,0111010011010
jugaréis,0101111100111
ilusionado,0101100000110
platillo,1000000001001
leído,0110001000100
idir,0101011111001
bueno,0001011101110
enter,0011111011000
miau,0110101110100
gemido,0100110111011
ovejar,0111011010001
grillo,0101000000000
fértil,0100110011100
caído,0001110111000
engordarme,0011110111110
desinterés,0011001011010
jugarreta,0101111100110
gobierno,0100111011010
seriedad,1001011100001
guau,0101000101000
animales,0000101000110
uva,1010011010011
entretenido,0011111110011
curso,0010110011100
caprichoso,0001101110101
atraparte,0001000011010
mordisquedado,0110111001000
reparar,1000111100000
cobrar,0010000100011
enfureceír,0011110110011
zeu,1010110011001
temer,1001111100101
flop,0100101001110
burló,0001011111010
liado,0110001001001
palacete,0111011110100
estatua,0100010010010
perro,0111110101000
tacón,1001110101110
pony,1000000111100
soid,1001100101101
cuanto,0010101101010
tejer,1001111010010
griego,0100111111111
contento,0010011101111
án,1010110101011
envolver,0100000000100
mármol,0110111111100
sucesor,1001101101001
afroditar,0000010100001
frase,0100101101110
conversar,0010100001110
derrotado,0011000001110
preferido,1000001011011
abusar,0000000111100
vivo,1010101101100
admitir,0000010000110
perjudicar,0111110011111
preocupe,1000001110000
acostado,0000001100110
ladito,0110000000111
defender,0010111011001
ansiosamente,0000101001101
deír,0011010010110
dominar,0011100000111
dentro,0011000000000
excepto,0100011001001
mediano,0110100111110
sumida,1001101111111
regresado,1000111000001
sospecha,1001101011010
herm,0101010001001
sorpresa,1001101010110
difundir,0011010110011
provocación,1000011010011
resplandecient,1001000001001
acostumbrado,0000001101000
arrebatártelo,0000110111101
tierno,1010000010010
aire,0000011010000
pieza,0111111010011
amiga,0000100100111
cambie,0001101000010
agujero,0000011000011
modo,0110110100111
novia,0111001010100
gruñendo,0101000010000
tí,1010010111000
dejarno,0010111100010
dama,0010110110001
brazo,0001011010000
figurita,0100100110110
sollozar,1001100110110
urgentemente,1010011001001
mírame,0111000000010
amenazar,0000100100110
vistazo,1010101100010
cantante,0001101100100
conciliar,0010010100111
acogido,0000001011101
apodo,0000101110111
cura,0010110010110
hermosísimo,0101010010100
liberase,0110001001101
solito,1001100110101
seis,1001011000100
soñar,1001101011101
botón,0001011001110
reparte,1000111100010
parte,0111100100010
humeant,0101011011111
enfadado,0011110100100
enojo,0011111001000
traicionarme,1010001101110
contrabandista,0010011111100
fornido,0100101011110
hartar,0101001101101
celebrir,0001111000000
nadie,0111000001110
ayudant,0001001001000
banana,0001001101001
50,0000000001100
siéntate,1001100011111
jardinera,0101110111101
gracia,0100111101010
sentencia,1001011010110
tarea,1001111000111
quedarer,1000100010011
poquitín,1000001000000
duendecillo,0011100011111
arrancó,0000110110111
indiferente,0101101000010
ganador,0100110101010
cansancio,0001101100000
ruidoso,1001001100101
fantasma,0100100001010
flotar,0100101010011
aquí,0000110010111
paciente,0111011011111
sonrisa,1001101001000
tirar,1010000100011
argumentar,0000110101001
conoz,0010011001011
valora,1010011101001
carrete,0001110001110
gano,0100110101110
compartir,0010001111001
igualmente,0101100000011
acabar,0000001000001
intentar,0101110000010
artes,0000111010001
contrario,0010100000001
tema,1001111011111
chilla,0001111101100
cajar,0001100100011
esposa,0100001111111
comar,0010001011101
siniestro,1001100010010
acaba,0000000111111
vegetal,1010011111110
agarrado,0000010100111
polluelo,1000000101111
peso,0111110111110
frigiar,0100101110110
quizás,1000100110100
levantar,0110000111110
abrasar,0000000100100
perú,0111110110001
kaso,0101111111101
tir,1010000011100
pinzasloca,0111111101010
patas,0111101000110
habilidoso,0101001000000
piscina,0111111110001
cansado,0001101011110
sorda,1001101001111
recompensado,1000110001101
diverso,0011011110001
justo,0101111110111
ñam,1010110111000
hermoso,0101010010010
dirección,0011011000101
papelera,0111100001011
gotear,0100111101000
oyó,0111011010110
recorrido,1000110011000
desatar,0011000100100
darir,0010110110101
malhumorado,0110011100011
casar,0001110011001
vista,1010101100001
frijolito,0100101111000
barbadepegar,0001001110100
círculo,0010110101010
comodidad,0010001110011
esperanzado,0100001110001
empacir,0011101101100
reflexiona,1000110101011
dinero,0011010111111
entender,0011111010101
calzoncillo,0001100111100
convertirir,0010100010010
habérselo,0101001001011
esperado,0100001101111
pergamino,0111110011011
alsaciar,0000100001101
plato,1000000001010
envidia,0100000000010
mermelado,0110101101000
mañar,0110100110111
alrededor,0000100001100
zombi,1010110011011
ja,0101110110011
evasiva,0100010110110
pesadillar,0111110110011
quítame,1000100110111
saldré,1001010001111
pelo,0111101110010
carnicero,0001110001001
decente,0010111000011
alertar,0000011110101
traicionar,1010001101101
olor,0111010011101
gritón,0101000000111
probar,1000010011110
anhelado,0000101000001
felicitar,0100100011100
toymu,1010001100001
mercancía,0110101100010
propuesta,1000011000100
nivel,0111000111000
relucient,1000111010001
corto,0010100110010
aprendiz,0000110000100
chuli,0001111111011
pato,0111101001101
rico,1001000110001
río,1001001110100
pastelito,0111100111001
lavar,0110000100101
concederar,0010010100001
merez,0110101100110
tanto,1001110111100
superficie,1001110000011
escultor,0100001001001
hermosura,0101010010011
hielo,0101010011110
pedir,0111101011011
caballo,0001100001100
adaptar,0000001110110
pata,0111101000000
averiado,0001000111101
ajetreo,0000011010110
saldar,1001010001100
relamío,1000111001101
tatuaje,1001111001001
ventán,1010100011111
dejado,0010111100000
arrrrg,0000111001100
indiferencia,0101101000001
llevar,0110001111110
arquear,0000110110101
doctoro,0011100000001
destrozo,0011001111110
prir,1000010010101
siempre,1001011110110
empapado,0011101101101
hormiguero,0101011000100
compotas,0010010001111
derrumbar,0011000010000
riqueza,1001000111100
abandonar,0000000010111
presumido,1000010000001
entonar,0011111100010
despistar,0011001101011
hechicero,0101001111000
acudir,0000001110001
excelente,0100011000110
oscurasrespondeír,0111011000110
inventillo,0101110010111
promés,1000010111011
ataqu,0000111111101
sabor,1001001111011
ignorancio,0101011111101
ave,0001000111000
glotonar,0100111010100
afilar,0000010011010
distant,0011011101001
ajá,0000011010111
mojado,0110110101011
alguien,0000011111000
pensado,0111101111010
sangre,1001010101001
moldir,0110110101111
aplaud,0000101101110
apártense,0000110010100
sombrilla,1001101000000
mansión,0110011111111
quitárselo,1000100110011
pastel,0111100110111
dejar,0010111100001
pasarir,0111100101101
lápiz,0110010111001
criticón,0010101011011
haer,0101001011001
bronco,0001011011101
parecía,0111100010111
separado,1001011011011
estupendo,0100010101110
lío,0110011000000
podar,1000000100001
general,0100110111100
fallido,0100011111011
bocanada,0001010101111
cristal,0010101010110
investigar,0101110011010
elección,0011101001101
llegarer,0110001110011
delgaducho,0010111101111
tienda,1010000001111
azadón,0001001010011
multitud,0110111100110
visible,1010101011000
capturo,0001101110111
2875,0000000000111
bosques,0001011000111
miré,0110110010111
maestra,0110011010010
ansioso,0000101001110
botello,0001011001100
cualquiera,0010101101000
equivocado,0100000001101
exaltado,0100011000011
quédatir,1000100110110
innumerable,0101101101000
dej,0010111011110
llano,0110001101100
tirarer,1010000100101
exacto,0100010111110
así,0000111110110
gobernar,0100111011000
pastizal,0111100111011
confundir,0010010111100
líquido,0110011000001
madura,0110011010000
llévalo,0110010010101
añico,0001001011010
privilegio,1000010011100
cabeza,0001100010100
visitante,1010101011101
despreciado,0011001110000
cintura,0010000001110
inteligencia,0101101111101
atado,0000111111011
interminable,0101110000111
bestio,0001010011010
mencionar,0110101010110
desiertar,0011001010101
grave,0100111111010
revés,1001000101000
utilidad,1010011001111
normalito,0111001001011
hueco,0101011010011
10,0000000000000
fango,0100100001000
flauto,0100101001100
emprender,0011101111001
abuelita,0000000110000
frido,0100101110101
oportunidad,0111010110000
incluir,0101100110010
lelo,0110000110111
gigantesca,0100111001110
asistido,0000111100001
sánchez,1001110100001
llamé,0110001101011
cre,0010101000010
eracer,0100000001111
fortachón,0100101011111
inundado,0101110001110
liberado,0110001001011
actuar,0000001101101
caldo,0001100101010
pellizcar,0111101101111
formir,0100101011011
reinado,1000111000110
estrategia,0100010011101
delgado,0010111101110
rebosante,1000101110011
saco,1001010000010
repasar,1000111100110
prenda,1000001100110
agarrándolo,0000010101001
destierro,0011001111010
buscándolo,0001100000100
arrugado,0000111001110
ficha,0100100101011
dedicar,0010111010101
insuperable,0101101111011
melocotonero,0110101001101
tribu,1010010010101
masticar,0110100101100
cubierto,0010101101101
enterrar,0011111011110
tiendo,1010000010001
recogido,1000110001010
zozobrar,1010110100010
alegría,0000011101111
encargar,0011110000110
tres,1010010010100
gerda,0100111001011
fervor,0100100100111
continuar,0010011111000
sabán,1001001111111
perdono,0111110010000
art,0000111001111
sonido,1001101000100
tocar,1010000110101
cambio,0001101000011
dotar,0011100010100
reconocer,1000110010010
audiencia,0001000101001
mercado,0110101100001
mar,0110100001011
ovejita,0111011010011
menospreci,0110101011001
mamás,0110011101111
zeus,1010110011010
acudido,0000001101111
opacada,0111010100110
gruñó,0101000010111
moralejar,0110111000011
brujitolandia,0001011100100
frás,0100110000010
calir,0001100101111
regreso,1000111000100
primaverar,1000010001001
dejándolas,0010111100100
escondido,0100000110011
nieve,0111000110011
trago,1010001101100
soner,1001101000011
prefier,1000001011101
formular,0100101011101
mirar,0110110010011
renunciar,1000111011110
mancha,0110011110001
regla,1000110111110
esmeralda,0100001010101
devolveré,0011010001111
haberl,0101000111001
jurado,0101111110010
tejado,1001111001111
pegajosa,0111101100001
bastante,0001010000000
interés,0101110001010
gesto,0100111001100
disgusto,0011011011110
hermosa,0101010010001
olvidé,0111010100010
vestuario,1010100111001
bobo,0001010101011
sustituir,1001110011001
gemelo,0100110111010
repetir,1000111101001
calentar,0001100101011
estrepitoso,0100010100011
engordado,0011110111100
lujosos,0110010110010
857,0000000010010
brutal,0001011100111
naranjar,0111000010010
olerlo,0111010010101
curado,0010110010111
semejante,1001011001100
pescarcontestar,0111110111010
piensa,0111111001111
adelantar,0000001111000
perseguir,0111110101001
maduro,0110011010001
sofía,1001100101011
comentario,0010001100100
pillapilla,0111111010101
desafiar,0011000010100
herido,0101010001000
ratonville,1000101011100
perdonar,0111110001101
tontería,1010001000100
flores,0100101010001
sidro,1001011110100
acompañarte,0000001100000
metido,0110101101111
mario,0110100011111
atareado,0001000000001
alegrar,0000011101100
aporrear,0000101111001
entero,0011111011100
coloquen,0010001001110
pintada,0111111100100
arañar,0000110011011
érar,1010110110010
gri,0100111111110
cerdita,0001111010101
capitán,0001101110011
ponedla,1000000110110
concurso,0010010101011
gobiernir,0100111011001
20,0000000000100
reacción,1000101101000
nudo,0111001011000
brinco,0001011010111
carnudo,0001110001010
lento,0110000111010
dol,0011100000010
cambiárselo,0001101000100
rock,1001001001010
rosado,1001001011010
repleto,1000111101011
miedo,0110101110111
desaparecer,0011000011110
pasillo,0111100110001
sincerar,1001100010000
concejo,0010010100011
contárselo,0010100001010
hablarar,0101001001010
través,1010010001101
verdura,1010100101000
rafael,1000101000011
chico,0001111101010
hogar,0101010110011
llenar,0110001110110
simplón,1001100001101
cantaba,0001101100011
verla,1010100101110
temblorós,1001111100100
sorprenda,1001101010001
brillar,0001011010011
panadeer,0111011111110
técnico,1010010110111
murciélago,0110111101101
duendir,0011100100001
carreterar,0001110010000
banco,0001001101010
grano,0100111111000
malvado,0110011101010
recobrar,1000110000110
recibo,1000110000000
repuso,1000111110000
amargo,0000100011110
hero,0101010010110
inocente,0101101101001
muro,0110111101111
entiendo,0011111100001
aspirador,0000111101010
rio,1001000111001
púas,1000100001100
enormemente,0011111001011
finn,0100100111111
alar,0000011011010
apresado,0000110000110
ciencia,0001111111111
oportunista,0111010110001
banquetir,0001001110000
escribir,0100000111001
arrepiente,0000111000100
receto,1000101111001
merecido,0110101100101
eleonoro,0011101011000
ejercicio,0011101001001
sonreír,1001101000110
salgo,1001010010001
larguísimos,0110000011111
noche,0111001000001
conejito,0010010110010
cremós,0010101001111
agradecido,0000010110010
finalmente,0100100111101
hacho,0101001010011
devolvérselas,0011010010001
risotada,1001000111111
paciencia,0111011011110
polilla,1000000101011
pulga,1000011101101
irse,0101110101100
staffar,1001101100000
tarde,1001111000101
dani,0010110110011
lechuzo,0110000101101
placer,0111111111000
titar,1010000101101
allá,0000100000011
devorado,0011010010010
joya,0101111010100
gent,0100111000100
cuidaron,0010110001001
garganta,0100110110001
nombrar,0111001000110
temblorosa,1001111100010
astuto,0000111101111
banda,0001001101011
victoria,1010101000010
callado,0001100110001
lluvia,0110010010010
quej,1000100011011
viejecito,1010101000111
preferir,1000001011100
cantidad,0001101101001
juro,0101111110011
ahogar,0000011000111
amistoso,0000100101101
segundo,1001010111110
distinto,0011011101101
vigilar,1010101010000
temible,1001111100111
quejar,1000100011101
páramir,1000100000100
hacerlas,0101001001110
aumentar,0001000101100
competir,0010010000001
perdón,0111110010010
visiblemente,1010101011001
cuándo,0010110011111
venda,1010100001001
madrastra,0110011000111
jersey,0101111001000
medio,0110101000010
lán,0110010111000
hermanita,0101010001101
extraño,0100011110010
camello,0001101000101
hado,0101001011000
descender,0011000110000
protestar,1000011001111
vaco,1010011011011
cucaracho,0010101110011
ayudar,0001001001010
marioneta,0110100100000
imaginar,0101100001010
josé,0101111010010
durar,0011100101010
laura,0110000100011
auxilio,0001000110101
estantería,0100010010001
lanzapalabra,0110000010110
invadir,0101110010001
probado,1000010011101
mudar,0110111011101
enseguida,0011111010000
escondía,0100000110101
desmenuzar,0011001011110
viejecita,1010101000110
desplomar,0011001101110
comadrejo,0010001011010
novio,0111001010101
raíz,1000101100110
portado,1000001000101
guitarro,0101000110010
dibujante,0011010100001
procuraré,1000010100110
travieso,1010010001100
bellotas,0001010010001
horo,0101011001001
llev,0110001111010
agua,0000010111011
disculpar,0011011010010
pantorrilla,0111100001000
honesto,0101010111111
metralleta,0110101110001
alejado,0000011110000
desplazar,0011001101101
peluda,0111101110100
pegar,0111101100100
entrada,0011111100101
liderado,0110001010101
impenetrable,0101100010101
vei,1010011111111
joyas,0101111010101
besito,0001010010111
asustir,0000111110100
burlonas,0001011111001
lista,0110001100001
cabe,0001100010000
prepáratir,1000001110110
ratita,1000101010011
arte,0000111010000
permitido,0111110100100
blancanieves,0001010101000
constantemente,0010011011001
producto,1000010101000
playa,1000000001011
gabriel,0100110011111
empacar,0011101101010
todavía,1010000111000
ay,0001001000100
cepillo,0001111010000
difícil,0011010110101
calladito,0001100110000
desayunar,0011000100101
estruendo,0100010100111
esperándolo,0100001110101
armario,0000110101111
carcajear,0001101111110
trato,1010010001011
espesura,0100001110111
cepillar,0001111001111
organizarla,0111010111100
complicación,0010010001001
molesta,0110110110000
sábado,1001110011110
firme,0100101000100
miga,0110101111101
tem,1001111011110
recompenso,1000110010001
hijito,0101010100110
ruir,1001001100111
realizado,1000101101011
volar,1010101110010
rata,1000101010001
siquiera,1001100010110
edredón,0011100111111
horrible,0101011001011
dedicado,0010111010100
reluzcar,1000111010011
quedo,1000100010110
escultura,0100001001010
cubrir,0010101110000
estatura,0100010010100
prisar,1000010010111
fracasado,0100101101000
refugiar,1000110101111
quitar,1000100101110
máscara,0110111111110
elija,0011101011011
mujercita,0110111100100
principio,1000010010011
pagarás,0111011101001
resultar,1001000010011
melbo,0110101001010
acoger,0000001011100
etéreo,0100010110101
salío,1001010100100
espacio,0100001011001
jugabas,0101111100000
objeto,0111001100110
doc_from_tale,0011011111100
listar,0110001100011
rattison,1000101011110
viviera,1010101100111
erdamal,0100000010000
busquer,0001100000101
pez,0111111000000
consolar,0010011010111
venganza,1010100010011
franco,0100101101011
chirriar,0001111110011
satisfecho,1001010110000
rara,1000101001011
esquina,0100010000110
prohíbir,1000010110011
apresurado,0000110001000
hambrientar,0101001100101
calvo,0001100111000
humillé,0101011100100
ping,0111111011110
dices,0011010100110
termín,1010000000011
florecer,0100101010000
comportamiento,0010010001011
viajarer,1010100111110
medianoche,0110100111111
duend,0011100011101
muchísima,0110111011001
llovido,0110010010000
suenir,1001101110000
contrater,0010100000110
rino,1001000111000
pingüino,0111111100000
rellenándola,1000111010000
conducir,0010010101110
castigué,0001110100110
abandonado,0000000010110
duendes,0011100100000
pretenda,1000010000100
einstein,0011101000111
encender,0011110001010
repartirlo,1000111100100
ida,0101011110100
conservar,0010011010010
ataque,0000111111110
molde,0110110101110
rostro,1001001011101
laboratorio,0110000000011
natural,0111000011000
sobrar,1001100100010
expulsar,0100011100011
cure,0010110011001
titán,1010000110000
patio,0111101001000
miniplanetar,0110110001000
recorría,1000110011001
nevera,0111000101110
fútbol,0100110011110
desesperar,0011001010000
elegido,0011101010100
mina,0110110000101
seguridad,1001011000000
escucha,0100000111110
chimenea,0001111101111
contagiado,0010011100110
consejera,0010011001111
carretero,0001110010001
humildad,0101011100000
bocado,0001010101110
experiencia,0100011011000
ruina,1001001100110
solear,1001100110001
supervelocidad,1001110001010
emplumado,0011101111000
contentísimo,0010011110001
atreveer,0001000011111
pescador,0111110111000
mayordomo,0110100110010
diente,0011010101011
muerto,0110111100001
abultado,0000000110101
ratitir,1000101010101
favor,0100100010101
mono,0110110111001
costumbre,0010101000001
brillir,0001011010100
gusto,0101000110101
torcida,1010001001101
hechacer,0101001110110
lucha,0110010100110
hilo,0101010101001
lejana,0110000110011
imposible,0101100100011
par,0111100001111
excusa,0100011001101
garbanzo,0100110110000
balcón,0001001100101
disponer,0011011100011
arreglarme,0000111000000
ministro,0110110001001
cenicientar,0001111001001
amiguito,0000100101011
prometeo,1000010110111
asegúratir,0000111011010
cebolla,0001110111011
recuperar,1000110100001
efectivamente,0011101000011
regreser,1000111000011
sediento,1001010111001
tentáculo,1001111111010
eructar,0100000010110
sospechar,1001101011011
vivido,1010101100110
tacaño,1001110101100
desconfiado,0011000110100
calabaza,0001100100101
marqués,0110100100100
nieto,0111000110010
sed,1001010110111
estropear,0100010100101
duna,0011100101001
sorprendido,1001101010101
usé,1010011001110
luchar,0110010100111
progresar,1000010110001
encajar,0011101111111
pelea,0111101101000
selir,1001011000110
enfadar,0011110100101
gentileza,0100111000111
convierta,0010100010110
hermanastra,0101010001011
genial,0100111000001
supuesto,1001110001111
redacción,1000110100011
áfrica,1010110100111
antídoto,0000101010101
cargado,0001110000001
mochilar,0110110100011
esfuerzo,0100001010100
avén,0001001000011
selva,1001011000111
ayuda,0001001000110
plantar,1000000000011
revisar,1001000100001
adelante,0000001111001
esponjós,0100001111110
vayas,1010011111001
mientras,0110101111100
inusual,0101110010000
sogo,1001100101100
usted,1010011001101
corte,0010100110000
sedo,1001010111010
precioso,1000001011000
pino,0111111100001
sudor,1001101101110
hermano,0101010001111
cima,0010000001010
rezar,1001000101100
primavero,1000010001010
lugar,0110010101101
mujer,0110111100011
pinche,0111111011101
llover,0110010001111
nadó,0111000010000
basura,0001010000010
hacha,0101001010001
cantaré,0001101100110
obtenido,0111001110101
arrepentido,0000111000011
adrián,0000010001111
venerar,1010100010010
resecar,1000111111000
corro,0010100101100
ardilla,0000110100101
desconocido,0011000110110
infantil,0101101000111
contrariado,0010011111111
invitadas,0101110011110
inútil,0101110100010
entregándol,0011111101110
transcurso,1010001111010
convertirme,0010100010011
molestado,0110110110001
cayerir,0001110110010
aguja,0000011000010
ayudara,0001001001011
social,1001100100110
tía,1010010111001
acción,0000001001100
alojar,0000100001011
convertirás,0010100010100
bajo,0001001100010
espado,0100001011011
bárbara,0001100000111
disolver,0011011100001
maíz,0110100110101
esposo,0100010000000
engañes,0011110111010
igual,0101100000000
talar,1001110110011
entrar,0011111100111
claridad,0010000011010
salcedo,1001010001010
apagado,0000101011010
prensa,1000001101000
parado,0111100010001
causa,0001110101101
temiesir,1001111101001
agolpar,0000010101100
núcleo,0111001100001
alboroto,0000011100010
patita,0111101001001
flaca,0100101000101
comienzo,0010001110001
halar,0101001011101
medalla,0110100111100
nombr,0111001000101
beber,0001010001011
revolvíar,1001000100110
tirarir,1010000100110
salto,1001010011001
apreciado,0000101111110
tampoco,1001110111010
cerebro,0001111011000
siiiii,1001100000001
mostrándose,0110111010100
cisn,0010000010011
empezado,0011101110011
derrumbe,0011000010001
robado,1001001000100
concluir,0010010101000
cerdito,0001111010110
llegada,0110001101111
casi,0001110011101
furtivamente,0100110010100
aber,0000000011110
barba,0001001110010
encolerizado,0011110010010
reparto,1000111100101
visita,1010101011011
puercodecir,1000011100101
pizca,0111111110110
construcción,0010011011101
estudiar,0100010101001
confiar,0010010110111
moralejo,0110111000100
tempestad,1001111101011
chatarra,0001111101000
manzán,0110100001000
riachuelo,1001000101111
uvas,1010011010100
desterrastir,0011001111001
habilidades,0101000111111
protegía,1000011001101
humillar,0101011100011
colectir,0010001000000
llegu,0110001110101
desear,0011001000101
tremendamente,1010010010000
opere,0111010101100
primero,1000010001100
aspecto,0000111101001
insensatar,0101101101011
secar,1001010110001
impaciencia,0101100001111
comprar,0010010010001
bocar,0001010110000
llenándolo,0110001111001
seguirla,1001010111101
descuidadamente,0011001000000
contribuir,0010100000111
comportar,0010010001100
burl,0001011110100
melodía,0110101010000
tropical,1010010101010
aterradora,0001000001111
resguardo,1000111111101
gallinero,0100110100101
encontrar,0011110010101
espectacular,0100001100110
rubí,1001001100000
mantener,0110100000010
cataplás,0001110101011
hechizo,0101001111100
punto,1000011111010
podia,1000000100100
luz,0110010110110
ensuciar,0011111010011
escúchame,0100001010000
eléctrico,0011101011111
imprimió,0101100100110
perfumada,0111110011001
repiqueteo,1000111101010
inteligente,0101101111110
espanzurrado,0100001011111
valor,1010011101000
largamente,0110000011010
ahogado,0000011000110
islar,0101110110001
comprender,0010010010110
leña,0110001000101
plataforma,1000000000111
compañía,0010001111101
burlón,0001011111011
oasi,0111001100010
erizo,0100000010010
bordir,0001011000010
ropero,1001001011000
zancadilla,1010110010010
afligeír,0000010011100
fallado,0100011111000
alergia,0000011110100
reino,1000111001000
afectar,0000010010111
maestro,0110011010011
habitación,0101001000001
planeado,0111111111110
hostilidad,0101011010001
contacto,0010011100100
atónito,0001000101000
amígdala,0000100110011
roca,1001001001000
estropeándolo,0100010100110
asombro,0000111100110
hendija,0101010000010
encantamiento,0011110000010
madera,0110011000101
carne,0001110000111
patitar,0111101001010
grupito,0101000001110
manu,0110100000101
rió,1001001000011
perfectamente,0111110010111
escozor,0100000110110
pablo,0111011011100
devuelvo,0011010010101
especialmente,0100001100011
aliviadísimo,0000100000010
rabiar,1000100111011
aviso,0001001000001
importo,0101100100001
salir,1001010010100
fragmento,0100101101010
mundial,0110111100111
contratad,0010100000011
expectativa,0100011010110
guerra,0101000101001
cáscara,0010110100111
ocupado,0111001111010
almacenar,0000100000110
incidente,0101100110000
biblioteca,0001010011011
velocidad,1010100000011
rosas,1001001011100
tonta,1010001000011
convirtiendo,0010100011001
oponer,0111010101111
maúllo,0110100111000
pronunciar,1000010111111
imponente,0101100011010
roedor,1001001001110
niñir,0111000111011
comadreja,0010001011000
ratún,1000101100000
mida,0110101110101
palabra,0111011110011
elegante,0011101010011
arrodillar,0000111000111
vulgar,1010110000011
vuelva,1010110000001
titular,1010000101111
guio,0101000101101
co,0010000100010
leche,0110000101001
entretener,0011111110010
muerte,0110111011111
agradir,0000010110011
detective,0011010000011
torre,1010001011000
clavarla,0010000011111
fallar,0100011111001
lirar,0110001011111
sorbo,1001101001110
risa,1001000111110
importe,0101100100000
desconcertado,0011000110011
cordón,0010100100010
jaular,0101111000101
viejo,1010101001010
dueña,0011100100011
sorpresar,1001101010111
imaginación,0101100001001
rete,1001000010101
tope,1010001001010
der,0011000000111
tortazo,1010001011100
excursión,0100011001100
codicioso,0010000101111
hazaño,0101001110100
madrastro,0110011001001
texturo,1010000001011
comadrejar,0010001011001
tirarar,1010000100100
simpático,1001100001110
signo,1001011111110
suerte,1001101110001
colegio,0010001000001
buaaa,0001011101001
arcángel,0000110100010
cebado,0001110111010
sombrío,1001101000001
rayos,1000101100100
encontre,0011110011011
esperanza,0100001110000
suplicar,1001110001101
toro,1010001010011
larga,0110000011001
cantar,0001101100101
servicio,1001011100100
subiero,1001101100100
ingresar,0101101011010
papas,0111100001001
caminito,0001101001011
afuero,0000010100100
interior,0101110000110
crimen,0010101010101
montado,0110110111100
desarrollo,0011000100001
pellicer,0111101101110
osito,0111011001010
juntarlar,0101111110000
temporada,1001111101101
benandonner,0001010010011
marchara,0110100011000
claramente,0010000011001
club,0010000100001
paracecir,0111100010000
temblar,1001111100001
gallina,0100110100011
tosca,1010001011111
ladro,0110000001100
torrencial,1010001011001
aterrado,0001000001101
hummm,0101011100101
recompense,1000110010000
decoración,0010111001111
atención,0001000000111
hornear,0101011000111
estaca,0100010001001
cisne,0010000010100
s,1001001110101
mellizo,0110101001100
pavo,0111101010000
comía,0010010011110
vano,1010011101110
desastrar,0011000100010
preso,1000001111101
sobrenatural,1001100100011
pasteeeeel,0111100110110
desmedido,0011001011101
sopló,1001101001100
profecía,1000010101011
accidente,0000001001011
ligera,0110001011000
muñeco,0110111110110
reparo,1000111100001
amenazante,0000100100101
durísima,0011100101101
admirar,0000010000101
impulsivo,0101100101001
hoja,0101010110100
preparación,1000001110001
ponérselo,1000000111101
ondulir,0111010100100
cercanía,0001111010100
delicia,0010111110010
agrietado,0000010111001
quemar,1000100011111
estruendosamente,0100010101000
llorós,0110010001110
colmo,0010001001001
acercársel,0000001010101
acierto,0000001011000
libertad,0110001001110
amigos,0000100101010
época,1010110110001
fijar,0100100111000
féretro,0100110011011
joyero,0101111010110
acordado,0000001100100
chirrido,0001111110100
cangrejo,0001101011011
flautista,0100101001011
sordo,1001101010000
carpintero,0001110001100
esquivar,0100010000111
llevado,0110001111101
poeta,1000000101001
eternamente,0100010110011
planear,0111111111111
amam,0000100011011
contenta,0010011101101
suspirar,1001110010110
trepar,1010010010010
aturdido,0001000100101
presa,1000001110111
abundantemente,0000000110111
teatro,1001111001100
cabello,0001100010010
muchísimos,0110111011100
cerámico,0001111100000
mís,0111000000100
agujo,0000011000100
locuelo,0110010011010
pastorcillo,0111100111110
ipap,0101110100011
si,1001011110001
larguísima,0110000011110
maratónicamente,0110100001101
vacilar,1010011011010
canasta,0001101011000
dragón,0011100010111
madriguero,0110011001100
helar,0101010000001
flauta,0100101001010
cómodo,0010110101101
john,0101111001111
fuente,0100110000101
mala,0110011011100
formulado,0100101011100
capa,0001101101100
poción,1000000011101
alternar,0000100001111
té,1010010110110
invitado,0101110011111
conmovido,0010011000100
brisa,0001011011000
realmente,1000101101101
brujita,0001011100010
cuchara,0010101110100
gato,0100110110111
agobiado,0000010101011
venderé,1010100001111
1960,0000000000010
quier,1000100100111
crédito,0010101100100
amigo,0000100101001
suave,1001101100001
alumbrar,0000100010011
pertenecer,0111110101111
resistencia,1000111111111
locuro,0110010011100
sinvergüenza,1001100010101
suculento,1001101101100
sano,1001010101010
blanco,0001010101001
surgir,1001110010011
próspero,1000011011011
directamente,0011011000110
movido,0110111010110
kai,0101111111100
supervisión,1001110001011
heroico,0101010010111
aislado,0000011010011
lún,0110011000010
odiar,0111010000011
sonar,1001101000010
golpe,0100111011111
conceder,0010010100000
delgadísimo,0010111110000
arregle,0000111000001
etiqueta,0100010110100
naranjo,0111000010011
tender,1001111110011
humo,0101011100110
escueto,0100001000111
tipo,1010000011011
ajajá,0000011010100
base,0001001111111
entreabierta,0011111101001
primo,1000010001101
bajárselo,0001001100011
huésped,0101011101111
compota,0010010001110
vear,1010011111100
caldero,0001100101001
tendido,1001111110101
venido,1010100010101
genio,0100111000011
dejadlo,0010111011111
vietnam,1010101001101
mordisco,0110111000110
calzada,0001100111001
colo,0010001001010
cuerda,0010101111010
fuerte,0100110000111
quieres,1000100101001
verde,1010100100111
corteza,0010100110001
marío,0110100101010
histérico,0101010110001
nefasto,0111000100100
encontrarte,0011110011001
pánico,1000100000011
fruta,0100101111110
salchicho,1001010001011
afuera,0000010100010
plan,0111111111011
historia,0101010101101
oveja,0111011010000
esconderme,0100000110010
operarte,0111010101011
lloró,0110010001100
huevo,0101011011010
justamente,0101111110100
restaurante,1001000010000
salirme,1001010010101
sucedido,1001101101000
sartén,1001010101110
aleger,0000011101010
caluroso,0001100110111
ji,0101111001011
dedicación,0010111010011
domingo,0011100001000
vacación,1010011011000
loca,0110010010111
pesadísimo,0111110110101
conejitar,0010010110001
pulmón,1000011101111
nutrición,0111001011110
precio,1000001010111
estudiós,0100010101101
sembrar,1001011001010
disfrutar,0011011011011
prójimo,1000011011010
lisar,0110001100000
humilde,0101011100001
desdicha,0011001000011
estrago,0100010011100
amarillento,0000100011111
ingenuapensar,0101101010111
gota,0100111100111
trabajar,1010001100101
esperanzo,0100001110010
asinteír,0000111011111
disgustar,0011011011101
difunto,0011010110100
conjuro,0010011000001
estante,0100010010000
granizo,0100111110101
ingrediente,0101101011001
desconsoladamente,0011000110111
cortar,0010100101111
despertar,0011001100101
contentísima,0010011110000
gratis,0100111111001
arir,0000110101010
guardar,0101000011111
discurso,0011011010011
acompañado,0000001011110
agarrar,0000010101000
pedido,0111101011010
comodón,0010001110100
gracias,0100111101100
tembloroso,1001111100011
sudar,1001101101101
ventaja,1010100011000
edificio,0011100111110
espada,0100001011010
tenue,1001111111011
malbrujo,0110011011110
juzgado,0101111111001
aguardar,0000010111111
comí,0010010011101
vanidoso,1010011101100
pocopaco,1000000011111
rubio,1001001011111
flota,0100101010010
favoritar,0100100010111
pablitir,0111011011010
promesa,1000010110100
rabito,1000100111101
regado,1000110110011
pesado,0111110110100
parez,0111100011101
sumergir,1001101111110
conmigo,0010011000010
lados,0110000001001
arma,0000110101011
máquinar,0110111111011
ollo,0111010011011
patito,0111101001011
venir,1010100010110
apresuradamente,0000110000111
maracaná,0110100001100
dáselar,0011100101111
querubine,1000100100100
lunares,0110010110101
acalorado,0000001000011
llevárselo,0110010000101
lejía,0110000110110
ciudades,0010000010111
aventurar,0001000111011
recién,1000110000011
nuez,0111001011100
necesitar,0111000100001
jugar,0101111100100
pensamiento,0111101111011
alumno,0000100010100
cabra,0001100010111
pedazo,0111101011001
enfermar,0011110101001
misión,0110110011011
trampa,1010001110100
empacho,0011101101011
incomparabl,0101100110100
serpiente,1001011100011
jugado,0101111100001
completamente,0010010000110
cadena,0001100100000
gruñido,0101000010011
garra,0100110110010
razón,1000101100101
actividad,0000001101011
pruebadecir,1000011010111
intervenir,0101110001001
embarcación,0011101100001
extraordinario,0100011101011
grrmdñññ,0101000001000
guapísimo,0101000011100
cuna,0010110010101
bruja,0001011100001
exprimirlo,0100011100001
huir,0101011011011
torta,1010001011011
cigarrillo,0010000000101
habitante,0101001000100
respetar,1001000000101
opinión,0111010101101
desafinado,0011000010101
antipático,0000101010011
preocuparme,1000001101110
relameír,1000111001100
estropeado,0100010100100
hung,0101011101001
proseguir,1000011000110
buscarlo,0001100000001
ridículo,1001000110100
casillo,0001110011111
oler,0111010010100
poniéndol,1000000111010
uy,1010011010101
miró,0110110011000
emocionado,0011101100111
recuadro,1000110011100
estant,0100010001111
perverso,0111110110000
abrazo,0000000100111
palidecen,0111011110110
encadenar,0011101111110
finísir,0100101000001
malvados,0110011101011
escenario,0100000100111
alarmante,0000011011101
historiar,0101010101110
jarro,0101111000011
valle,1010011100111
daño,0010110111010
generosamente,0100110111110
separar,1001011011100
percatar,0111110000111
aconsejo,0000001100010
bailar,0001001011110
tumba,1010010110010
tráiganme,1010010110000
transportar,1010010000001
tejar,1001111010000
gotita,0100111101001
presuma,1000010000000
sentado,1001011010100
deuda,0011010001100
realizar,1000101101100
apps,0000101111101
contar,0010011101000
probárselo,1000010100010
plantado,1000000000010
oscuridad,0111011001000
camine,0001101001010
botín,0001011001101
grupo,0101000001111
dormitorio,0011100010000
sembrador,1001011001001
voló,1010101111000
banquet,0001001101110
almacén,0000100000111
librería,0110001010010
regadera,1000110110010
dárselo,0011100101110
compraremo,0010010010010
tacto,1001110101101
almorzar,0000100001001
hermanastras,0101010001100
cliente,0010000100000
animalillo,0000101000111
exageradamente,0100011000000
miedico,0110101110110
instalar,0101101110100
zoo,1010110011110
repós,1000111110001
talento,1001110110100
solicitud,1001100110011
trasto,1010010000110
jack,0101110110101
sultán,1001101111011
dejarte,0010111100011
horneada,0101011000101
penoso,0111101111001
reclamar,1000110000100
queden,1000100010101
escodite,0100000101100
desanimada,0011000011011
totalmente,1010001100000
salvar,1001010100001
cajo,0001100100100
hoy,0101011010010
luciérnaga,0110010101010
atena,0001000000110
felino,0100100011110
guarida,0101000100101
abrazó,0000000101000
detrás,0011010001010
asibikaashi,0000111011101
terciopelo,1001111111110
madr,0110011000110
ah,0000011000101
libro,0110001010011
salva,1001010011110
atrevir,0001000100011
caperucito,0001101110001
geniir,0100111000010
guisar,0101000101111
maravillosamente,0110100010010
plegaria,1000000001110
elefant,0011101001111
tiró,1010000101010
apoyar,0000101111010
habitant,0101001000011
hefesto,0101001111110
cerrojo,0001111011101
teléfono,1001111011101
indicar,0101101000000
majestuoso,0110011011010
peludo,0111101110101
nube,0111001010110
espectáculo,0100001101001
ñañsño,1010110111010
enfadaba,0011110100011
tortuga,1010001011110
soldado,1001100101111
principal,1000010010010
ola,0111010010011
venderlas,1010100001110
marinero,0110100011110
surgía,1001110010100
hola,0101010110101
fip,0100101000010
6,0000000001111
aquel,0000110010110
soler,1001100110010
vestirte,1010100111000
baboso,0001001011101
deform,0010111011100
rellenado,1000111001110
hija,0101010100100
tragedia,1010001101011
oh,0111010001100
polo,1000000110000
opuesto,0111010110010
expulsarar,0100011100100
diablura,0011010011011
consuelo,0010011100001
espera,0100001101110
supersabio,1001110001001
beso,0001010011000
pelaje,0111101100111
fácil,0100110011001
obra,0111001101100
enfermero,0011110101100
apenar,0000101100111
contentar,0010011101110
llevadlir,0110001111100
querrías,1000100100011
irno,0101110101000
repertorio,1000111101000
reinar,1000111000111
staffa,1001101011111
albert,0000011011111
princesir,1000010010001
moreno,0110111001001
croar,0010101011100
explicado,0100011011010
aparecido,0000101011111
entreabrir,0011111101010
cárcel,0010110100101
airoso,0000011010010
revoltoso,1001000100100
adorabl,0000010001010
detenido,0011010000110
presenciar,1000001111001
marchar,0110100010111
retrasado,1001000011010
primavera,1000010001000
récord,1001001110011
armar,0000110101110
vacía,1010011011100
barrot,0001001111101
impartir,0101100010011
señoro,1001011110000
igualator,0101100000010
escarcho,0100000100100
dañar,0010110111001
entredormido,0011111101100
pescado,0111110110111
encontraste,0011110011010
pasado,0111100101010
extraer,0100011101001
forcejeo,0100101010111
contemplar,0010011101010
llamarado,0110001101000
calidad,0001100101100
encargado,0011110000101
esqueleto,0100010000101
ramar,1000101000110
comentar,0010001100011
sigiloso,1001011111011
agrado,0000010110100
plástico,1000000010101
entrara,0011111101000
espectral,0100001101000
apto,0000110001101
sábán,1001110100000
trueno,1010010101110
eligierar,0011101011010
guitarra,0101000110001
ayudarno,0001001001100
pobrecil,1000000011010
despertarlo,0011001100110
zapato,1010110010101
vomitar,1010101111001
preparativo,1000001110101
exijo,0100011010001
personaje,0111110101101
inyección,0101110100001
llévalas,0110010010011
conformarte,0010010111001
recoger,1000110000111
haberlo,0101000111010
pasta,0111100110100
haremo,0101001101100
inventar,0101110010110
consola,0010011010110
minuto,0110110001100
rajado,1000101000100
preparar,1000001110011
labio,0110000000010
enjambre,0011111000010
yonohago,1010110001010
mochila,0110110100010
palmera,0111011111001
simplemente,1001100001100
mover,0110111010101
érasir,1010110110100
peinado,0111101100101
disimular,0011011011111
caballero,0001100001011
presumir,1000010000010
escuché,0100001000010
pepe,0111101111111
adular,0000010010000
vuelta,1010101111111
queso,1000100100101
prometido,1000010111001
disculp,0011011010000
recogerlo,1000110001000
pequelibro,0111110000011
infinito,0101101001101
miembro,0110101111011
carcajada,0001101111101
posadero,1000001001001
logrado,0110010011101
entristeceír,0011111110110
globo,0100111010011
hombr,0101010111000
avergonzado,0001000111100
cosechale,0010100110110
temblad,1001111100000
trocito,1010010100000
aclamar,0000001011010
exagerar,0100011000010
gritar,0101000000011
arrear,0000110111011
expulsado,0100011100010
incrédulo,0101100111011
elixir,0011101011100
quitárselas,1000100110010
existencia,0100011010010
conseguir,0010011001110
familia,0100100000011
ahoritir,0000011001001
llame,0110001101001
denso,0010111111111
helado,0101010000000
trom,1010010100101
pájaro,1000100000001
odiado,0111010000010
atascó,0001000000100
parar,0111100010010
carniceer,0001110001000
entonces,0011111100011
fotografíar,0100101100110
tufo,1010010110001
calientito,0001100101110
jaulo,0101111000110
remolqué,1000111010110
campesino,0001101010100
aprendí,0000110000101
humanidad,0101011011100
clamor,0010000011000
decisión,0010111001100
criatura,0010101010100
bambú,0001001101000
crítica,0010101100101
estornudar,0100010011010
ataúd,0001000000101
enterada,0011111011001
ceremonia,0001111011001
resoplar,1001000000011
casilla,0001110011110
descubrimiento,0011000111110
sino,1001100010011
caber,0001100010011
fracaso,0100101101001
sacrificar,1001010000011
desanimar,0011000011101
suspendido,1001110010101
centavo,0001111001101
vendré,1010100010001
imagino,0101100001011
repente,1000111100111
riquezar,1001000111101
actuase,0000001101110
comen,0010001100010
descubrierar,0011000111101
leer,0110000110000
comandar,0010001011100
navideño,0111000011101
mecedoro,0110100111001
prisionera,1000010011000
bata,0001010000011
arbusto,0000110011110
mokokos,0110110101101
tejido,1001111010101
desbordar,0011000100111
buscado,0001011111101
100,0000000000001
condenado,0010010101100
buscar,0001011111111
heridir,0101010000111
crema,0010101001101
participar,0111100100100
verano,1010100100011
aun,0001000101101
víctor,1010110000101
diciembre,0011010101001
inicio,0101101011101
alegremente,0000011101110
bote,0001011001010
idear,0101011110111
adónde,0000010010110
valioso,1010011100101
flaquito,0100101001001
trip,1010010011001
demostrar,0010111111011
avispa,0001001000010
increíble,0101100111000
inimaginable,0101101011110
rugir,1001001100011
irlanda,0101110100111
destartalado,0011001110110
enfrentar,0011110101111
fatal,0100100010011
perdiz,0111110001100
melodir,0110101001111
diablillo,0011010011000
leyendo,0110001000001
hundir,0101011101000
cabezo,0001100010101
escolar,0100000101110
llorón,0110010001101
alcance,0000011100100
cuadro,0010101100110
ocurrencia,0111001111100
firmamento,0100101000011
doble,0011011111011
transcurrir,1010001111001
armiño,0000110110001
atardecer,0001000000000
edad,0011100111101
taller,1001110110111
ingenuo,0101101011000
dormido,0011100001110
anfitrión,0000100111101
exigente,0100011001111
funcionar,0100110001100
pie,0111111001010
mares,0110100011100
tela,1001111010111
zón,1010110100101
melquíades,0110101010001
hombre,0101010111010
bostezar,0001011001000
bolo,0001010110101
corral,0010100100110
expectativo,0100011010111
ladrón,0110000001101
entrever,0011111110101
morir,0110111001011
preparado,1000001110010
otorgar,0111011001101
maullido,0110100110000
granja,0100111110110
metro,0110101110010
poner,1000000110111
aplastar,0000101101101
vendedor,1010100001100
oasis,0111001100011
vengar,1010100010100
misterio,0110110011110
queja,1000100011100
sirén,1001100011011
esconder,0100000110001
resentimiento,1000111111010
castigar,0001110100100
banquete,0001001101111
echado,0011100111001
viña,1010101101111
marcianoto,0110100011010
cualidad,0010101100111
dónde,0011100111000
sensible,1001011010011
anoche,0000101001010
valiente,1010011100100
lata,0110000100001
futuro,0100110010110
helada,0101001111111
tantísimo,1001110111101
nunca,0111001011101
limpio,0110001011101
conejita,0010010110000
més,0111000000001
diario,0011010011111
saldarlar,1001010001101
olimpiada,0111010011000
descansa,0011000101001
arbolito,0000110011101
tijera,1010000011000
robe,1001001000110
anuncio,0000101011001
vivir,1010101101000
irritado,0101110101010
divertida,0011011110010
santo,1001010101100
alín,0000100010110
conocerno,0010011000111
frágil,0100110000001
sacudir,1001010000110
solución,1001100111100
desterrado,0011001110111
pasaportir,0111100101011
normal,0111001001010
estafador,0100010001011
detener,0011010000101
umbral,1010010111111
astucia,0000111101101
inventor,0101110011001
corneta,0010100100011
titubeó,1010000101110
modificado,0110110100110
deber,0010110111101
compraré,0010010010011
trecho,1010010001111
decírselo,0010111010010
casita,0001110100000
esculcar,0100001001000
inculto,0101100111100
cosecha,0010100110101
palo,0111011111011
ayudándol,0001001010000
modos,0110110101000
juzga,0101111111000
cabrar,0001100011000
camo,0001101010001
esplendorós,0100001111011
zapatero,1010110010100
disparar,0011011100010
contentísir,0010011110010
granjero,0100111110111
flacucho,0100101000111
mentiro,0110101011101
doña,0011100010101
generosidad,0100110111111
niñas,0111000111010
utilizado,1010011010000
cuchillo,0010101110110
conductor,0010010101111
veladoro,1010100000010
desobedecer,0011001011111
pícaro,1000100001010
servía,1001011101000
insecto,0101101101010
carecer,0001101111111
arena,0000110100110
apunto,0000110010001
monstruoso,0110110111011
pinta,0111111100011
absorbiero,0000000101100
dijo,0011010110111
puntudo,1000011111011
abuelo,0000000110100
pérez,1000100000111
temprano,1001111110000
diablir,0011010011001
bañar,0001010000101
montar,0110110111101
nadar,0111000001101
silenciosamente,1001100000100
tras,1010010000100
paisaj,0111011101100
vos,1010101111010
até,0001000100110
grandioso,0100111110010
adormilado,0000010001101
enseñarte,0011111010010
haré,0101001110000
maravilloso,0110100010011
comunicación,0010010011001
mandona,0110011110110
listado,0110001100010
unir,1010011000010
súper,1001110101001
proteger,1000011001010
pufff,1000011101011
calor,0001100110110
violín,1010101010110
evitarás,0100010111011
atrapa,0001000010111
gatito,0100110110110
amistad,0000100101100
plateado,1000000001000
negado,0111000100101
disponible,0011011100100
abrir,0000000101010
grulla,0101000001100
lechuga,0110000101011
bizcocho,0001010100100
perdía,0111110010001
cinta,0010000001101
segurísima,1001011000010
ofrecer,0111010001001
jesusitir,0101111001001
culpable,0010110001100
superficial,1001110000010
momento,0110110110111
amor,0000100110000
contradecir,0010011111101
acera,0000001010001
cruz,0010101100001
viva,1010101100100
sollozo,1001100110111
metiera,0110101110000
fotógrafo,0100101100111
error,0100000010101
puajjj,1000011011101
sirviente,1001100011010
ácido,1010110100110
peligran,0111101101011
asegurar,0000111010111
pantanoso,0111100000111
aferrar,0000010011000
máscar,0110111111101
muchísimo,0110111011011
trolitir,1010010100010
ocurrido,0111001111101
mediocre,0110101000011
tirón,1010000101011
pingüinir,0111111011111
movimiento,0110111010111
fundado,0100110001110
reanudar,1000101101110
miedoso,0110101111001
madrina,0110011001101
luna,0110010110100
cortésmente,0010100110011
anda,0000100111001
ayudaro,0001001001101
zepo,1010110011000
canto,0001101101010
hiel,0101010011101
princesar,1000010010000
fabricar,0100011110101
importantísimo,0101100011110
pom,1000000110011
complacer,0010010000010
habilidad,0101000111110
malo,0110011100110
acabo,0000001000010
cabalgar,0001100001010
engañar,0011110110110
calmar,0001100110101
soplar,1001101001011
caperucitar,0001101110000
encantar,0011110000011
buen,0001011101100
humillado,0101011100010
cohete,0010000110111
cazamalvado,0001110110110
renunciaro,1000111011111
mejorar,0110101001000
admirado,0000010000010
ocasión,0111001110110
oficial,0111010001000
cosechar,0010100110111
averiguar,0001000111110
medidor,0110101000001
premio,1000001100101
portal,1000001000110
creto,0010101010001
idéntico,0101011111011
indígenar,0101101000101
registro,1000110111100
magio,0110011010101
gancho,0100110101101
calabazo,0001100100110
completar,0010010000111
aleta,0000011110110
cada,0001100011111
estilo,0100010011000
pintura,0111111101001
retar,1001000010100
cariñosamente,0001110000101
celular,0001111000100
iluminar,0101100000100
juzgar,0101111111010
atajo,0000111111100
avena,0001000111001
participant,0111100100011
odio,0111010000100
fiar,0100100101010
prometer,1000010111000
explorar,0100011011100
deambular,0010110111011
visir,1010101011010
rabanito,1000100111001
adentro,0000001111110
añadar,0001001011000
estúpido,0100010110001
decken,0010111001101
gritaré,0101000000100
tenedor,1001111110110
escarbar,0100000100010
tarta,1001111001000
pleno,1000000001111
mago,0110011011000
obstante,0111001110010
niña,0111000111001
salida,1001010010010
peleado,0111101101001
unísono,1010011000110
panadero,0111011111111
liar,0110001001010
meter,0110101101101
dentrollevamos,0011000000001
enigma,0011111000001
órden,1010110111100
fuego,0100110000100
dibujaste,0011010100011
charla,0001111100110
posado,1000001001010
contigo,0010011110100
guerrero,0101000101010
receta,1000101111000
consejo,0010011010001
voz,1010101111101
piko,0111111010100
hansel,0101001101001
hurtadilla,0101011101100
hospital,0101011010000
cavar,0001110110001
entrenamiento,0011111110000
marko,0110100100011
cachorra,0001100011110
sansón,1001010101011
famar,0100100000010
pacientemente,0111011100001
cenar,0001111000111
iré,0101110101111
incauta,0101100101101
siete,1001011111001
deshecho,0011001010100
olvidar,0111010100001
discusión,0011011010100
chocolate,0001111110110
veredicto,1010100101001
botellar,0001011001011
admiración,0000010000001
escuelo,0100001000110
ensayo,0011111001111
campeón,0001101010101
cera,0001111010001
blancaniev,0001010100111
alzar,0000100010101
permitir,0111110100110
perdido,0111110001011
caliente,0001100101101
recuerdo,1000110011110
comunidad,0010010011011
lombriz,0110010100010
soltara,1001100111011
enví,0100000000110
carrera,0001110001101
esbozar,0100000010111
impresionante,0101100100100
francés,0100101101100
revista,1001000100010
preguntarl,1000001100011
musitar,0110111110100
caja,0001100100010
debajo,0010110111100
hábilmente,0101011110001
sepa,1001011011010
hacermir,0101001001111
auto,0001000110000
tirada,1010000011111
zorrillo,1010110100000
faro,0100100001101
ojo,0111010010010
envejecido,0011111111110
sufrir,1001101111000
moraleja,0110111000010
sabrosa,1001001111100
fallecer,0100011111010
tener,1001111110111
atacarno,0000111111010
perecer,0111110010011
voy,1010101111100
sumar,1001101111100
golosina,0100111011100
saludo,1001010011100
resignado,1000111111110
gimeír,0100111010000
ratitar,1000101010100
zacaría,1010110001011
52,0000000001110
albergar,0000011011110
marto,0110100101000
piso,0111111110010
arpa,0000110110011
tratar,1010010001001
gana,0100110101000
prefiere,1000001011110
engañarl,0011110110111
acudient,0000001110000
deleitar,0010111101100
tallo,1001110111000
jardín,0101111000000
paso,0111100110011
revelar,1001000100000
pues,1000011101000
memorio,0110101010101
cós,0010110101111
divertidísimo,0011011110101
mejilla,0110101000110
tantatachán,1001110111011
juan,0101111011000
pón,1000100001011
trajera,1010001110010
melena,0110101001011
osaka,0111011000100
mírate,0111000000011
completo,0010010001000
juguetero,0101111101100
extraña,0100011101110
enciende,0011110001111
pasión,0111100110010
retrato,1001000011011
mejor,0110101000111
nevar,0111000101100
tiro,1010000101000
cultivado,0010110001110
envejecer,0011111111101
cimo,0010000001011
director,0011011001000
lloroso,0110010001011
mayor,0110100110001
pirato,0111111101101
malvada,0110011101001
oer,0111010000101
silencio,1001100000011
lleva,0110001111011
balde,0001001100110
pillar,0111111010110
pandoro,0111100000010
paloma,0111011111100
tejerlo,1001111010011
ladrillo,0110000001011
séptimo,1001110100100
deliciosa,0010111110011
país,0111101010100
acumular,0000001110011
cubo,0010101101111
ponla,1000000111011
cultivo,0010110010000
ganso,0100110101111
alcanzar,0000011100101
flor,0100101001111
apetitoso,0000101101011
chillido,0001111101110
ópera,1010110111011
mutuamente,0110111110101
subo,1001101100110
despensa,0011001100011
esforzado,0100001010010
pretendiente,1000010000110
encontré,0011110011100
angustiado,0000101000000
deslumbrado,0011001011011
atraído,0001000011101
arrebatárselo,0000110111100
tiranosaurus,1010000100010
sembrarla,1001011001011
impropio,0101100100111
confesar,0010010110100
preocuparno,1000001101111
elegío,0011101010110
leal,0110000100111
mismísimo,0110110011101
paseo,0111100110000
escurridiza,0100001001110
brotó,0001011100000
además,0000001111100
varitar,1010011110100
comerciante,0010001101000
hormiga,0101011000010
chiquitito,0001111110010
atermorizar,0001000001100
patado,0111101000010
escuchar,0100001000000
nadé,0111000001111
peluche,0111101110011
gordísimo,0100111100101
dulcemente,0011100100110
recogerás,1000110001001
hermana,0101010001010
rescatar,1000111110111
acceso,0000001001001
elogiar,0011101011101
ojibwa,0111010010001
escritir,0100000111011
habitar,0101001000101
radio,1000101000000
iracundo,0101110100110
impopular,0101100011011
removía,1000111011000
disfrazado,0011011011001
lees,0110000110010
afirmar,0000010011011
pasear,0111100101111
pajar,0111011101111
sur,1001110010000
filiberto,0100100111010
asustado,0000111110010
escuchado,0100000111111
significar,1001011111101
espérenmir,0100010000010
producir,1000010100111
cuevo,0010110000010
luca,0110010100101
apagarar,0000101011100
confianza,0010010110110
sobrevivir,1001100100100
balón,0001001100111
ocurriero,0111001111110
prometo,1000010111010
exprimidor,0100011100000
asemejar,0000111011011
telarañar,1001111011010
especial,0100001100010
hijo,0101010100111
impetuoso,0101100011001
afueras,0000010100011
abrumar,0000000101011
paco,0111011100010
nacimiento,0111000001010
violencia,1010101010011
famosísimo,0100100000110
escarcha,0100000100011
conclusión,0010010101001
dátil,0011100110000
guardián,0101000100010
burlabar,0001011110110
atraer,0001000010101
engañado,0011110110101
interesar,0101110000101
mortal,0110111001111
hábito,0101011110010
capo,0001101110100
solitario,1001100110100
cementerio,0001111000101
guarido,0101000100110
plumaje,1000000010010
madrín,0110011001111
equilibrio,0100000001010
goloso,0100111011101
cicatriz,0001111111100
epimeteo,0100000001001
guiso,0101000110000
derrotar,0011000001111
cristalsigueír,0010101011000
frondoso,0100101111001
recital,1000110000010
quiquiriquí,1000100101101
alarmado,0000011011100
colito,0010001000110
navidad,0111000011100
pareces,0111100010101
amenaza,0000100100100
victimo,1010101000001
nevado,0111000101011
ayudarte,0001001001110
oía,0111011010111
emoción,0011101101001
consistir,0010011010101
enojó,0011111001001
bieeeir,0001010011111
asopao,0000111101000
tiempo,1010000001101
enojar,0011111000111
sigas,1001011111010
roto,1001001011110
consternado,0010011011011
impaciente,0101100010001
patos,0111101001110
vaquito,1010011101111
plancha,0111111111100
reclutar,1000110000101
foto,0100101100100
zona,1010110011101
famoso,0100100000101
mando,0110011110101
pronto,1000010111100
protesta,1000011001110
enemistar,0011110100001
músculo,0111000000101
mirad,0110110010000
debido,0010111000000
eduardo,0011101000000
obstáculo,0111001110011
ejércitir,0011101001010
infundir,0101101010011
comparar,0010001111000
entr,0011111100100
él,1010110110000
escondite,0100000110100
superniño,1001110000111
señalar,1001011101011
insensible,0101101101101
vestir,1010100110111
citar,0010000010101
justificar,0101111110110
inferior,0101101001010
controlar,0010100001001
africano,0000010100000
pagado,0111011100111
heredero,0101010000100
duende,0011100011110
cigüeño,0010000001001
emperifollo,0011101110010
contendiente,0010011101011
